id_cliente,nombre,tipo_cliente,fecha_alta
1,Tina Castillo,Particular,2024-02-23
2,Gregory Wyatt,Particular,2024-08-21
3,Robin Mays,Particular,2024-10-25
4,Kristy Frazier,Particular,2024-08-26
5,Calvin Smith,Freelance,2021-08-10
6,Luis Pearson,Particular,2021-11-23
7,Katherine Kent,Particular,2024-08-26
8,Monica Reeves,PyME,2024-06-09
9,Lee Little,Particular,2021-05-11
10,Michael Hopkins,Particular,2022-02-21
11,Chloe Matthews,Particular,2025-03-14
12,Jacqueline Martin,Particular,2022-04-05
13,Joseph Davidson,Freelance,2021-06-03
14,Jessica Davis,Freelance,2025-01-11
15,Sally Manning,Particular,2022-01-25
16,Rose Smith,Particular,2023-04-13
17,Rhonda Murphy,Particular,2022-01-22
18,Kevin Hall,PyME,2023-12-30
19,Bonnie Smith,Particular,2023-09-17
20,Dawn Wood,PyME,2024-06-19
21,Daniel Barrera,Freelance,2024-12-05
22,Ralph Haynes,Particular,2022-11-07
23,Theodore Hudson,Freelance,2023-07-31
24,Zachary Orr,Freelance,2022-08-27
25,Chad Stewart,Particular,2023-04-07
26,Cory Miller,Particular,2025-02-07
27,Jeffrey Goodwin,Freelance,2023-09-18
28,Cody Lambert,Particular,2023-11-19
29,Joseph Lopez,Particular,2024-01-13
30,Kelly Hines,Particular,2024-06-16
31,Isaac Davis,PyME,2022-02-02
32,Trevor Norman,Freelance,2023-12-02
33,Tara Hamilton,Particular,2022-09-10
34,Jeffrey Brown,Particular,2023-03-28
35,Chad Vargas,Particular,2024-03-28
36,Michael Weber,PyME,2021-07-06
37,Rebecca Turner,Freelance,2022-01-07
38,Larry Reynolds,Particular,2022-01-05
39,Gina Scott,Freelance,2022-07-04
40,Matthew Schneider,Freelance,2022-07-05
41,Lori Gallagher,Particular,2023-07-12
42,Brandon Logan,Freelance,2023-11-09
43,Christine Lloyd,Particular,2022-06-03
44,Matthew Lang,Freelance,2023-09-20
45,Todd Pacheco,Particular,2023-06-18
46,Thomas Little,Particular,2023-02-19
47,Michael Guerra,Particular,2024-04-03
48,Andrew Hernandez,Particular,2024-10-16
49,Anthony Lloyd,PyME,2023-11-30
50,Michael Martin,Freelance,2022-09-05
51,Sandra Smith,Freelance,2024-04-07
52,Tracy Randall,Particular,2023-07-22
53,Stephanie Miller,Particular,2022-05-11
54,Grace Landry,Freelance,2025-01-01
55,Heidi Henderson,PyME,2023-05-11
56,Mr. Joseph Adams,Particular,2022-12-09
57,Tonya Dillon,Particular,2021-05-09
58,Robert Rivera,Particular,2024-03-06
59,Valerie Taylor,Freelance,2024-05-25
60,Erica Lin,Freelance,2023-11-03
61,Matthew Chapman,Particular,2023-11-04
62,Kimberly Daniel,Particular,2023-08-19
63,Ryan Underwood,Particular,2023-08-26
64,Lori Martinez,Particular,2022-12-09
65,Samantha Hernandez,Freelance,2021-10-06
66,Angela Phillips,Particular,2024-04-05
67,Johnny Carter,Particular,2023-06-01
68,Evan Lee,Particular,2021-10-13
69,Kristin Franco,Freelance,2022-01-09
70,Darin Sullivan,Particular,2025-03-13
71,Shannon Hale,Particular,2021-06-28
72,Amanda Hampton,PyME,2021-04-05
73,Hailey Hicks,Freelance,2022-02-25
74,Michael Davis,Particular,2023-06-03
75,George Klein,Particular,2022-03-28
76,Beverly Brewer,Particular,2021-11-07
77,Robert York,Particular,2022-11-30
78,Mathew Thompson,Particular,2024-07-21
79,Juan Moore,Particular,2025-02-04
80,Joseph Avila,Particular,2023-10-08
81,Albert Hernandez,Particular,2024-08-25
82,John Shepherd,Particular,2022-06-29
83,Craig White,Freelance,2022-12-02
84,Sharon Lewis,Particular,2023-12-25
85,Jessica Perez,PyME,2022-10-19
86,Brooke Ingram,Freelance,2022-08-29
87,Allison Larson,Particular,2023-02-12
88,Kyle Wilkerson,Particular,2022-04-20
89,Mary Boyer,Freelance,2023-02-10
90,Tara Morales,Particular,2022-07-29
91,Sherri Cardenas,Particular,2022-12-15
92,Alexandra Mccarthy,PyME,2024-04-07
93,Kristin Bird,Particular,2024-04-29
94,Keith Miller,Particular,2024-12-18
95,Charles Mcconnell,Freelance,2021-05-02
96,Tara Summers,Freelance,2021-05-11
97,Justin Simpson,Particular,2022-12-16
98,Justin Rodriguez,Particular,2023-09-04
99,Robert Johnson,Particular,2024-08-05
100,Seth Walsh,Particular,2022-12-29
101,Justin Yoder,Particular,2022-01-19
102,Heather Olson,Freelance,2023-02-11
103,James Murphy,Freelance,2022-07-05
104,Jennifer Martinez,PyME,2024-03-04
105,Amy Smith,Particular,2021-12-24
106,Paula Martin,Particular,2021-11-01
107,Kaitlin Harris,Particular,2024-11-18
108,Michelle Hogan,Freelance,2021-10-24
109,Jason Mcintyre,Particular,2023-06-27
110,Justin Phelps,Particular,2024-02-10
111,Karen Vega,Particular,2022-12-15
112,Rhonda Jennings,Particular,2022-04-09
113,Joseph Stout,Particular,2024-12-08
114,Kyle Jones,Particular,2021-04-28
115,Amber Bates,PyME,2025-03-29
116,Anthony Williams,Particular,2021-09-12
117,Christina Craig,Freelance,2022-10-12
118,Joshua Daugherty,Particular,2023-11-08
119,Lisa Bowman,Particular,2024-06-04
120,Sara Payne,PyME,2024-11-24
121,Matthew Schultz,Freelance,2023-03-29
122,Corey Vasquez,PyME,2024-06-03
123,Emily Lopez,PyME,2023-07-27
124,Alexandria Allen,Freelance,2022-10-03
125,Brandi Barnes,Particular,2023-07-13
126,Sarah Moran,Particular,2024-07-06
127,Cheyenne Carpenter,Particular,2025-02-14
128,Jessica Murphy,Particular,2024-05-26
129,Angela Miller,Particular,2022-07-05
130,Gregory Powers,Particular,2025-03-19
131,Jeffery Anderson,PyME,2024-01-02
132,Claire Weber,Particular,2021-09-22
133,Michael Curtis,Freelance,2023-06-29
134,Paul Thompson,Particular,2022-09-02
135,Sara Sawyer,Particular,2022-11-01
136,Isaiah Ford,PyME,2024-06-18
137,James King,PyME,2025-01-17
138,Tina Crawford,Particular,2024-04-26
139,Tiffany Proctor,Freelance,2021-10-03
140,Gary Hill,Particular,2023-07-09
141,Daniel Lee,Particular,2023-02-27
142,Parker Smith,PyME,2024-03-19
143,Lisa Townsend,Particular,2021-07-02
144,Andrew Craig,Particular,2023-06-08
145,Mike Evans,Freelance,2021-11-30
146,Brian Carrillo,Particular,2021-11-02
147,Martin Johnson,Particular,2021-12-20
148,Maria Bailey,Particular,2024-08-08
149,Laura Dennis,Freelance,2022-08-04
150,Nancy Howard,Particular,2022-04-10
151,Gregory Ward,PyME,2022-09-26
152,Mary Braun,Particular,2024-10-29
153,Jerry Heath,Particular,2023-04-23
154,Ricky Martin,Particular,2023-11-10
155,Sherry Porter,Freelance,2021-10-24
156,Michael Rogers,Particular,2024-01-30
157,Laura Gill,Particular,2023-10-31
158,Bradley Maxwell,Freelance,2022-10-12
159,Robert White,Particular,2023-10-01
160,Antonio Rodriguez,Particular,2022-05-03
161,Jody Nichols,Freelance,2022-08-21
162,Benjamin Marshall,Particular,2022-04-11
163,Michelle Hicks,Particular,2024-07-11
164,Heather Dixon,Particular,2023-08-10
165,Jane Holloway,PyME,2021-05-14
166,Jason Harris,Particular,2022-01-09
167,Christopher Miller,Freelance,2022-08-22
168,Martin Norman,Particular,2024-07-27
169,Justin Wallace,Particular,2024-01-29
170,Ashley Turner,Freelance,2021-05-12
171,Laura Garrison,Particular,2022-02-01
172,Alexandria Friedman,Particular,2024-12-30
173,Catherine Mclaughlin,Freelance,2024-10-28
174,Carolyn Davidson,Particular,2024-07-19
175,Jasmine Bean,Particular,2023-10-26
176,Keith Kelly,PyME,2023-11-26
177,Ryan James,PyME,2023-10-31
178,Stephanie Williams,Particular,2021-04-16
179,Shawna Young,Particular,2022-09-27
180,Kathleen Prince,Particular,2023-05-21
181,Mary Combs,PyME,2025-02-13
182,Victoria Obrien,Freelance,2022-06-16
183,Laura Stewart,Freelance,2024-05-25
184,James Alexander,Particular,2023-04-24
185,Amy Soto,Particular,2023-07-30
186,Dylan Smith,Freelance,2023-01-15
187,Joshua Hooper,Freelance,2024-07-07
188,Charles Johnson,Freelance,2024-07-31
189,Autumn Gomez,PyME,2022-04-09
190,Tina Holmes,Freelance,2025-03-03
191,Cassandra Fischer,Particular,2025-01-03
192,Joshua Blair,Freelance,2023-11-02
193,Vanessa Zimmerman,Particular,2024-04-20
194,Dr. Patricia Bryant,Freelance,2022-01-11
195,Leslie Horn,PyME,2022-10-25
196,Kristina Carter,Particular,2023-05-07
197,Ann Osborne,Particular,2021-08-09
198,Dr. Donald Oliver,Particular,2023-12-07
199,Fernando Lee,Particular,2023-12-15
200,Danielle Schwartz,Particular,2022-04-28
201,Gary Lambert,Freelance,2022-01-12
202,Adam French,Freelance,2023-10-01
203,Brenda Morgan,Particular,2024-05-08
204,Christy Guzman,Freelance,2024-04-06
205,Brett Kaufman,Particular,2022-09-01
206,Rebecca Sullivan,Particular,2023-06-26
207,Emily Black,PyME,2022-08-10
208,James Green,Freelance,2022-10-03
209,Kaitlyn Russo,Particular,2023-11-14
210,Nicole Spears,Particular,2022-02-20
211,Shannon Moore,Particular,2023-11-22
212,Wendy Ferguson,Particular,2021-06-12
213,Luis Zamora,Freelance,2025-02-10
214,Gregory Sawyer,Freelance,2022-04-16
215,Matthew Garcia,Particular,2024-04-30
216,Mark Blackburn,Freelance,2021-12-29
217,Jeffrey Burton,Particular,2025-01-28
218,Stephen Cunningham,Particular,2021-08-24
219,Elizabeth Tapia,Particular,2023-05-27
220,James West,Particular,2024-01-21
221,Emma Weeks,Freelance,2022-05-29
222,Stephen Ware,PyME,2023-02-16
223,Amanda Leon,Particular,2024-11-23
224,Courtney Meyer,Freelance,2024-09-04
225,Nicholas Garcia,Particular,2022-06-24
226,Madison Mcdowell,Particular,2021-09-27
227,Lisa Sutton,Particular,2024-03-25
228,Jared Holland Jr.,Particular,2025-02-10
229,Alice Nguyen,Freelance,2023-05-17
230,Carl Acevedo,Freelance,2023-03-20
231,Hannah Berger,Freelance,2023-05-17
232,Caitlin Price,Freelance,2023-07-22
233,Suzanne Benjamin,Particular,2024-09-02
234,Maria Medina,Particular,2024-10-02
235,Cynthia Harrell,Particular,2022-06-22
236,Douglas Pacheco,Freelance,2021-08-24
237,Christopher Graham,Freelance,2022-01-02
238,Christine Woods,Particular,2024-02-06
239,Micheal Parks,Freelance,2024-07-12
240,Scott Shaw,Particular,2022-12-02
241,Ivan West,PyME,2023-06-20
242,Brittany Morgan,Freelance,2021-09-04
243,Vincent Ayers,PyME,2021-05-15
244,Vicki Hanna,Freelance,2021-12-26
245,Julia Raymond,Freelance,2024-03-21
246,Shelby West,Particular,2024-04-06
247,Kenneth Glass,Freelance,2024-03-23
248,Martha Petersen,Particular,2021-07-10
249,Mark Stanley,PyME,2023-03-23
250,Austin Flores,Freelance,2024-11-27
251,Bobby Baird,Freelance,2024-09-12
252,Amber Smith,Freelance,2022-04-30
253,Karen Tucker,Particular,2023-03-14
254,Matthew Nelson,Freelance,2021-09-13
255,Taylor Rodriguez,Particular,2022-03-30
256,Henry Dudley,Freelance,2022-08-10
257,Richard Lewis,Freelance,2022-05-17
258,Brandon Levine,Particular,2022-11-26
259,Kyle Carney,Freelance,2023-09-14
260,Matthew Lee,Particular,2022-01-01
261,Mary Hardin,Particular,2022-06-14
262,Steven Mcclain,Freelance,2023-05-28
263,Bobby Hernandez,Particular,2023-08-21
264,Peggy Nguyen,Particular,2024-06-03
265,Susan Sawyer,Particular,2022-07-08
266,Daniel Clarke,Particular,2025-03-09
267,Dylan Weaver,Freelance,2021-10-30
268,Christopher Lewis,PyME,2023-01-28
269,William Stein,Particular,2025-01-17
270,Mark Miller,Freelance,2024-08-21
271,Briana Banks,Particular,2023-10-16
272,Mario Giles,PyME,2024-12-11
273,Maurice Hansen,Particular,2023-03-18
274,Michael Cunningham,PyME,2023-03-14
275,Kathleen Reyes,Particular,2023-01-01
276,Jennifer Garcia,PyME,2022-12-07
277,Kevin Harris,Particular,2021-08-19
278,Jody Gilmore,PyME,2023-02-27
279,Destiny Edwards,Particular,2022-04-24
280,Aaron Kaufman,Particular,2024-12-05
281,Joy Brown,Particular,2023-05-10
282,Noah Ray,Freelance,2021-08-24
283,John Velasquez,Particular,2021-06-04
284,Danielle Barnes,Freelance,2024-02-20
285,William Sullivan,Particular,2023-03-31
286,Natasha York,Particular,2025-02-18
287,Derek Moreno,Particular,2024-01-16
288,Chris Jackson,Particular,2021-12-04
289,Margaret Burnett,Freelance,2025-02-17
290,Matthew Harper,Particular,2025-01-09
291,Katelyn Davis,PyME,2023-01-12
292,Dr. Brandi Ward MD,Particular,2023-10-14
293,Brian Crawford,Freelance,2025-03-15
294,John Hunt,Freelance,2024-05-04
295,Christopher Stewart,Freelance,2023-07-08
296,Jon Lowery,Particular,2024-11-05
297,James Johnson,Particular,2022-10-31
298,Cathy Robinson,Freelance,2022-06-17
299,Jason Reed,Particular,2023-03-09
300,Mr. John Booker,Particular,2024-10-31
301,Laura Salinas,Freelance,2021-12-30
302,Andrew Anderson,Freelance,2025-03-21
303,Joseph Everett,Particular,2021-07-15
304,Bethany Guerrero,Particular,2021-04-04
305,Steve Conner,Particular,2024-12-27
306,Lori Patton,Particular,2024-01-08
307,Jeremiah Espinoza,Particular,2024-01-19
308,Kimberly Gillespie,Particular,2021-09-04
309,Nicholas Jones,Particular,2022-10-19
310,Christina House,PyME,2021-10-22
311,Clifford Smith,Freelance,2023-04-27
312,Harry Martinez,PyME,2021-11-01
313,David Stewart,Freelance,2025-03-07
314,Dr. Diana Sanchez,Particular,2021-05-13
315,Michael Matthews,Particular,2025-01-11
316,Lauren Curry,Particular,2023-08-17
317,Charles Williams,Particular,2024-11-11
318,Scott Banks,Particular,2023-03-30
319,Bryan Wagner,Particular,2022-08-09
320,Nancy Pena,Freelance,2024-06-21
321,Lori Ross,Particular,2024-12-11
322,Christine Harrison,Particular,2024-01-20
323,Scott Scott,Particular,2023-04-11
324,Mark Grimes,Particular,2024-09-15
325,Heather Sanchez,PyME,2024-02-07
326,Wesley Wilson,Freelance,2023-05-11
327,Robin Jones,Particular,2022-07-13
328,Stephanie Bryan,Particular,2024-08-10
329,Dennis Wheeler,Particular,2024-07-04
330,Maria Forbes,Freelance,2024-04-08
331,Amanda Snow,Particular,2024-11-10
332,Tammy Barrett,Freelance,2021-08-10
333,Nathaniel Carter,Freelance,2021-08-10
334,James Davis,Freelance,2024-06-21
335,Anthony Wilson,Particular,2024-09-29
336,Michael Walker,Particular,2022-11-13
337,Bonnie Williams,Particular,2024-02-01
338,Ricky Carr,Particular,2024-05-23
339,Ann Perez,Particular,2022-05-01
340,Mary Miller,Freelance,2023-11-04
341,Karen Parrish,Particular,2024-11-07
342,Austin Rice,Particular,2021-04-11
343,Gregory Taylor,Freelance,2021-05-28
344,Jessica Wood,Particular,2024-12-08
345,Peter Vega,Freelance,2022-03-14
346,Bruce Bailey DDS,Particular,2024-06-16
347,Anne Williams,Particular,2023-05-20
348,Thomas Flores,Freelance,2024-12-29
349,Joan Ford,Particular,2022-04-08
350,Cheryl Johnson,Freelance,2022-12-02
351,Gary Simmons,Freelance,2021-12-03
352,Richard Ford,Particular,2025-02-10
353,Stephanie Webster,Particular,2021-04-28
354,Jennifer Johns,Particular,2023-12-13
355,Monique Gordon,PyME,2022-01-26
356,Jessica Glover,Particular,2024-06-10
357,Scott Smith,Particular,2022-07-06
358,John Henry,Particular,2024-07-07
359,Rachel Crane,Freelance,2022-11-05
360,Melissa Becker,Particular,2023-09-19
361,Katie Davis,Freelance,2025-01-29
362,Teresa Tucker,Freelance,2021-12-26
363,Regina Castro,PyME,2024-03-20
364,Steven Cummings,Particular,2023-07-20
365,Shawn Hensley,PyME,2023-12-07
366,Dale Hunt,Freelance,2022-11-29
367,Anthony Lopez,Freelance,2023-11-11
368,Victoria Aguilar,Freelance,2023-01-14
369,Stephanie Anderson,Particular,2023-09-26
370,Maxwell Harris,Freelance,2021-10-01
371,Amanda Smith,Particular,2022-05-25
372,Mark Austin,Freelance,2023-07-25
373,Jack Clements,Freelance,2023-10-29
374,Timothy Rodriguez,Particular,2022-02-19
375,Tanya Good,Particular,2022-11-08
376,William Black,Particular,2025-03-27
377,Brandon Humphrey,Freelance,2021-10-31
378,Ashley Salas,Freelance,2024-11-09
379,Alex Riley,Particular,2022-09-28
380,Theodore Vaughn,Freelance,2024-09-12
381,Virginia Weber,Particular,2022-12-07
382,Paul Ross,Particular,2022-06-10
383,Martin Fitzpatrick,Particular,2024-05-27
384,Todd Austin,Particular,2024-06-06
385,Daniel Stewart,Particular,2022-07-12
386,Sean Wallace,Particular,2024-09-17
387,Warren Gentry,Particular,2024-10-12
388,Carl Cabrera,Particular,2024-01-21
389,Michelle Pittman,Freelance,2024-03-11
390,Robert White,Freelance,2024-06-04
391,Rachel Krause,Particular,2021-10-29
392,Daniel Hughes,Particular,2024-04-09
393,Melissa Robinson,Particular,2024-11-20
394,Mary Joseph,Particular,2023-07-12
395,Eric Oliver,Particular,2023-07-25
396,Lisa Nelson,Particular,2022-08-12
397,Timothy Smith,PyME,2023-10-16
398,Samuel Kirk,Particular,2022-03-19
399,Brittany Parrish,Freelance,2022-07-14
400,Dr. Eric Richmond,Freelance,2025-03-12
401,Benjamin Johnson,Freelance,2024-06-10
402,James Grant,Particular,2024-07-22
403,John Todd,Particular,2024-04-12
404,Travis Morris,Particular,2023-01-26
405,Breanna Humphrey,Freelance,2023-03-05
406,Sean Thomas,Freelance,2022-07-16
407,Edward Barry,PyME,2021-06-20
408,Donna Kelly,Particular,2024-09-29
409,Nathaniel Perez,Freelance,2025-02-21
410,Christine Cervantes,Particular,2023-09-09
411,Brian Lee,Freelance,2024-01-04
412,Joel Clark,Particular,2022-11-11
413,Danielle Monroe,Particular,2023-07-29
414,Cynthia Hawkins,Particular,2021-06-14
415,Jennifer George,Particular,2024-03-06
416,Brooke Sims,Particular,2022-10-23
417,Krista Graham,Freelance,2023-01-13
418,Ryan Carroll,Particular,2023-08-15
419,Cassie Smith,Particular,2024-05-01
420,Robert Thomas,Particular,2024-06-27
421,Scott Williams,Particular,2025-03-18
422,Richard Cox,Freelance,2025-03-06
423,Steven Foster,Particular,2023-04-23
424,Danielle Jones,Particular,2022-01-16
425,Heather Sanders,Particular,2021-06-20
426,Jasmin King,Particular,2023-05-06
427,Tommy Bishop,Freelance,2024-02-22
428,Jessica Hines,Particular,2024-06-24
429,Benjamin Burns,Particular,2023-02-19
430,Christian Harrison,Particular,2023-09-17
431,Monica Randall,Particular,2023-06-28
432,Johnny Fernandez,Particular,2024-03-18
433,Emily Johnson,Particular,2024-01-02
434,Denise Richardson,Freelance,2024-12-30
435,Christopher Williams,Particular,2024-10-23
436,Lori Jones,Freelance,2023-09-07
437,Alexa Hancock,Freelance,2021-09-14
438,Jeremy Dunn,Particular,2021-12-14
439,Michael Ramirez,Particular,2022-09-24
440,Bruce Arnold,Particular,2021-09-16
441,Kristin Olson,Particular,2021-07-03
442,Karen Mason,PyME,2024-06-27
443,Veronica Williams,Particular,2022-01-25
444,Steve Collier,Freelance,2022-11-09
445,Melody Patterson,Freelance,2022-05-13
446,Angie Vance,Freelance,2023-03-28
447,Lindsey Hernandez,Freelance,2022-02-01
448,Kevin King,PyME,2025-01-07
449,Brianna Conley,Particular,2025-01-13
450,Sarah Clayton,Particular,2024-11-18
451,Nicole Hart,Particular,2021-05-16
452,Steven Powers DVM,Particular,2022-02-28
453,Matthew Obrien,Freelance,2022-04-07
454,Erin Jones,Particular,2022-05-17
455,David Mendez,Particular,2024-04-17
456,Kelly Coleman,Freelance,2024-09-28
457,Riley Hawkins,Freelance,2024-05-22
458,Christine Duarte,Particular,2024-07-17
459,Lisa Gray,Freelance,2023-08-26
460,Hannah Allen DDS,Freelance,2022-05-30
461,Amanda Singleton,Particular,2022-07-19
462,Brent Jones DDS,Freelance,2021-08-06
463,Mr. Hector Harding,PyME,2023-03-08
464,Dennis Clark,Particular,2023-02-01
465,Amanda Griffin,Particular,2024-03-08
466,Vincent Rivas,Particular,2021-11-29
467,Steven Cunningham,Freelance,2025-03-25
468,Melissa Johnson,PyME,2021-04-25
469,Eric Cortez,Particular,2021-10-15
470,David Brown,Freelance,2023-12-09
471,Johnathan Webster,Particular,2022-04-06
472,Justin Jones,Freelance,2023-07-14
473,Jessica Simpson,Freelance,2021-07-25
474,Wendy Taylor,Particular,2023-05-03
475,Holly Bowers,Freelance,2023-12-31
476,Katie Wang,Freelance,2024-07-16
477,Elizabeth Williams,Freelance,2022-02-14
478,Erin Gould,Particular,2022-07-08
479,Hannah Guerra,PyME,2022-01-27
480,Anthony Davis,Freelance,2023-02-07
481,Norman Lee,Particular,2022-11-02
482,Alexis Spears,Particular,2021-11-18
483,Wesley Warner,Particular,2024-09-12
484,Michael Frank,Particular,2021-11-05
485,Patricia Medina,Particular,2022-08-19
486,Patrick Goodman,Freelance,2024-09-23
487,Howard Gomez,Freelance,2021-05-21
488,Robert Anthony,Particular,2023-08-02
489,Patrick Lopez,PyME,2022-08-31
490,Carolyn Romero,Freelance,2021-05-13
491,John Swanson,Freelance,2022-11-23
492,Matthew Parker,Freelance,2024-05-08
493,Michelle Miller,Particular,2022-11-11
494,Christopher Yang,Freelance,2023-07-08
495,Damon Vaughn,PyME,2022-04-14
496,Jennifer Simpson,Particular,2023-08-26
497,Nicole Garcia,Freelance,2024-08-15
498,Becky Jones,Particular,2022-02-11
499,Sue Rice,Particular,2024-03-08
500,Alan Pena,Particular,2022-06-10
501,Mary Olson,Freelance,2022-01-02
502,Miguel Cruz,Particular,2023-01-11
503,Kyle Lopez,Freelance,2022-04-13
504,Tammy Barton,Freelance,2021-06-05
505,Michael Watkins,Particular,2022-01-01
506,Megan Hayes,Freelance,2025-03-31
507,Adam Silva,Particular,2021-04-05
508,Nancy Guerrero,Particular,2024-02-25
509,Andrea White,Freelance,2023-06-26
510,Catherine Humphrey,Particular,2022-07-02
511,Maria Barnett,Particular,2023-06-28
512,Matthew Miller,Freelance,2024-12-17
513,Ray Hebert,Particular,2023-10-23
514,Brittany Rush,Particular,2021-06-17
515,Mrs. Jordan Marshall,Freelance,2024-07-06
516,Robert Kennedy,Particular,2023-11-27
517,Joel Stephens,Freelance,2023-09-03
518,Mrs. Diana Gregory,Freelance,2024-04-22
519,Kevin Schwartz,Particular,2022-04-10
520,Rebecca Cook,Particular,2021-08-17
521,Connie Maldonado,PyME,2023-10-30
522,Dennis Green,Particular,2022-08-30
523,Christopher Barrett,Freelance,2022-04-17
524,Teresa Curtis,Particular,2023-11-05
525,Daniel Smith,Freelance,2022-12-25
526,Sarah Warren,Freelance,2021-10-05
527,Matthew Perry,Freelance,2022-01-10
528,Christopher Mejia,Particular,2024-11-14
529,Sandra Harper,Freelance,2023-03-24
530,Ross Harris,Particular,2023-03-15
531,Kimberly Lane,Particular,2023-08-07
532,Daniel Burnett,Freelance,2025-02-06
533,Marilyn Patel,Particular,2022-05-18
534,Mark Glover,Particular,2024-10-24
535,Cheryl Thompson,Particular,2024-04-14
536,Kylie Woods,Particular,2021-09-29
537,Vincent Clark,Particular,2025-01-31
538,Robert Richardson,Freelance,2021-06-18
539,Jerry Love,Particular,2023-11-26
540,Julia Aguilar,Freelance,2024-09-08
541,Timothy Thomas,Particular,2021-06-28
542,Tanya Lopez,Particular,2021-08-11
543,Charles Jones,Particular,2021-08-08
544,Eric Hill,Particular,2022-01-31
545,Deanna Lang,Particular,2024-06-17
546,Christopher Harrison,Particular,2024-07-27
547,Timothy May,Freelance,2022-05-24
548,Dr. Brooke Patterson,Particular,2021-10-03
549,Dr. Paula Kirk,Particular,2023-10-23
550,Rachel Schneider,Particular,2022-02-05
551,Jordan Watson,Freelance,2024-07-14
552,Mindy Delgado,PyME,2025-03-24
553,Carlos Nicholson,Particular,2022-08-14
554,Robin Wong,Particular,2022-05-28
555,Jessica Cuevas,Particular,2023-11-11
556,Felicia Terrell,Particular,2021-11-04
557,James Stafford,Particular,2022-08-02
558,Peter Johnson,Particular,2023-09-20
559,Lori Richards,Particular,2022-12-09
560,Patrick Thompson,Particular,2024-04-07
561,Mrs. Lynn Ellis,Particular,2022-03-26
562,Christopher Gutierrez,PyME,2024-02-10
563,Judy Porter,Particular,2025-02-25
564,Thomas Smith,Freelance,2022-04-21
565,Hannah Snyder,Particular,2022-02-15
566,John Kim,Freelance,2021-12-25
567,Cynthia Thomas,Particular,2023-01-25
568,Jack Mckinney,Freelance,2023-01-01
569,Holly Wilson,Particular,2021-12-05
570,John Sweeney,Particular,2024-04-09
571,Sarah Wright,Particular,2021-07-22
572,Christopher Adams,Particular,2021-05-24
573,Courtney Mendoza,Particular,2023-03-31
574,Janet Wilson,PyME,2022-02-10
575,Jasmin Wagner,Particular,2023-06-25
576,Crystal Dominguez,Freelance,2023-09-14
577,Andrea Alvarado,Particular,2023-04-21
578,Andrew Burke,Particular,2022-08-09
579,Casey White,Freelance,2022-04-10
580,Randy Walker,Particular,2023-05-13
581,Gregory Daniel,Particular,2022-07-29
582,Justin Stout,Particular,2021-07-23
583,Kelly Stone,Particular,2022-04-28
584,Gary Baker,PyME,2023-01-07
585,Jerry Stephenson,Particular,2023-01-18
586,Christopher Harris,Freelance,2021-08-13
587,Heidi White,Freelance,2023-05-09
588,Corey Campos,Freelance,2024-08-20
589,Anthony Watts,Particular,2022-03-31
590,April Ponce,Particular,2023-03-23
591,Andrea Vega,Particular,2024-05-03
592,Larry Lee,Particular,2023-09-17
593,Jennifer Wyatt,Freelance,2024-01-12
594,Matthew Nguyen,PyME,2023-02-05
595,James Tanner,Particular,2023-04-20
596,Timothy Walker,Freelance,2024-10-16
597,Joseph Willis DVM,Freelance,2021-04-09
598,Angela Mcintosh,Freelance,2023-04-07
599,Dakota Roberts,PyME,2022-08-01
600,Ann Spears,Particular,2023-02-15
601,Barbara Johnson,Particular,2023-01-25
602,Jason Stanley,Freelance,2023-09-27
603,Deanna Stevenson,Particular,2024-05-16
604,Nathaniel Brown,Particular,2024-05-07
605,Theresa Case,Particular,2021-05-25
606,Robert Drake,Particular,2023-04-11
607,Kathy Rodriguez,Particular,2024-03-16
608,Claire Doyle,Particular,2023-12-16
609,Jackie Taylor,Particular,2021-11-20
610,Donald Phillips,Particular,2021-07-06
611,Mark Wong,Freelance,2022-07-07
612,Jennifer Gonzalez,Freelance,2024-04-30
613,Alexis Elliott,Particular,2024-01-08
614,Laura Wood,Freelance,2025-02-10
615,Thomas Brown,PyME,2025-02-06
616,Arthur Garcia,Freelance,2022-02-26
617,Kevin Cross,Freelance,2025-01-23
618,John Kent,Freelance,2023-07-18
619,David Pope,PyME,2025-01-05
620,Sherry Alvarado,Particular,2024-03-20
621,Travis Martin,Particular,2024-02-15
622,Krystal Martin,Freelance,2024-08-19
623,Carly Allen,PyME,2023-03-31
624,Cameron Brown,Freelance,2022-11-22
625,Gina Moreno,Particular,2021-09-26
626,Thomas Humphrey,Particular,2024-09-22
627,Jared Adams,Particular,2022-02-25
628,Tonya Walker,Freelance,2024-12-29
629,Daniel Murray,Particular,2021-08-06
630,Matthew Hayes,Particular,2021-09-16
631,Daniel Bennett,Particular,2024-06-20
632,Peter Schmitt,Freelance,2025-03-22
633,Jeremy Douglas,Freelance,2022-01-23
634,Ashley King,PyME,2022-05-12
635,Christopher Harris,Particular,2022-11-30
636,Loretta Martinez,Particular,2024-04-07
637,Jason Carlson,Particular,2024-04-27
638,Monica Daugherty,Particular,2023-01-31
639,Kevin Rogers,Particular,2023-05-01
640,Kendra Brown,Particular,2024-03-01
641,Tammy Morris,Particular,2024-04-01
642,Kayla Blanchard,Particular,2023-08-20
643,Duane Santiago,PyME,2024-07-15
644,Scott Price,Freelance,2022-08-13
645,Robyn Trevino,Particular,2025-01-29
646,Crystal Chambers,PyME,2023-06-04
647,Sandra Hicks,PyME,2024-12-08
648,Richard Hampton,Freelance,2021-12-02
649,Brandon Willis,Particular,2022-02-13
650,Sandra Smith,Particular,2023-12-19
651,Brandi Gilmore,Freelance,2024-06-15
652,Christopher Martinez,Particular,2023-06-04
653,David Hurst,Freelance,2024-05-12
654,Molly Jackson,PyME,2023-04-18
655,Scott Wilkerson Jr.,Particular,2024-12-01
656,Travis Dixon,Particular,2022-01-03
657,Julie Martin,Freelance,2024-03-15
658,Michael Jimenez,Particular,2022-11-06
659,Latoya Cobb,Particular,2024-11-13
660,Brandy Cline,Particular,2021-12-31
661,George Cooper,Particular,2023-09-24
662,Kelsey Delacruz DDS,Freelance,2024-08-22
663,Kenneth Bush,Freelance,2025-02-24
664,Terry Mcdaniel,Particular,2024-09-01
665,Charles Thomas,Freelance,2023-03-17
666,Greg Cobb,Particular,2021-12-22
667,Cynthia Cruz,PyME,2024-08-09
668,Stephen Turner,Freelance,2024-08-29
669,Sally Knight,Particular,2024-04-03
670,Michael Kramer,Particular,2024-09-29
671,Anthony Perez,Particular,2023-11-02
672,Tara Watson,Particular,2023-07-08
673,Mr. George Schultz,PyME,2021-06-14
674,Mary Parker,Particular,2022-10-09
675,Jennifer Johnson,Particular,2022-11-30
676,Anthony Clark,PyME,2022-09-28
677,Matthew Stokes,Freelance,2023-03-09
678,Judy Murray,Particular,2022-02-07
679,Brian Stone,Particular,2023-08-24
680,Sarah Hall,Particular,2024-05-10
681,Joseph Wood,Particular,2021-06-23
682,Michael Anderson,Freelance,2025-01-31
683,Tanya James,Freelance,2023-02-12
684,Daniel Davis,Freelance,2022-02-20
685,Christopher Fitzgerald,Particular,2024-09-30
686,Anthony Sanchez,Particular,2021-06-12
687,Brian Pearson,PyME,2021-04-03
688,Jennifer Obrien,Particular,2022-07-25
689,Emily Bullock,Freelance,2021-11-19
690,Vanessa Travis,Particular,2023-11-22
691,Devin Miller,PyME,2025-03-17
692,Michael Vega,Freelance,2024-09-07
693,Savannah Nelson,Particular,2024-07-29
694,Anthony Hall,Particular,2022-02-11
695,Kenneth Wallace,Particular,2024-04-05
696,Jesse George,Particular,2022-03-21
697,Mark Davis,Particular,2022-09-20
698,Emily West,PyME,2022-09-28
699,Kyle Snyder,PyME,2021-10-07
700,Cheryl Stone,Particular,2023-06-21
701,Tyler Howard,Particular,2023-03-16
702,Kathy Garner,Freelance,2024-10-08
703,Kevin Soto,Particular,2023-02-19
704,Kimberly Smith,Freelance,2022-05-06
705,Robert Alvarado,Particular,2025-01-20
706,Kimberly Martinez,Particular,2021-11-14
707,Cory Forbes,Freelance,2022-03-08
708,Maria Cook,PyME,2021-10-15
709,Mr. Devin Silva,Particular,2024-05-01
710,Lisa Anderson,Particular,2024-07-04
711,Angela Anderson,Particular,2022-10-20
712,Darryl Calhoun,PyME,2025-02-19
713,Katelyn Torres,Particular,2025-02-22
714,Teresa Garcia,Freelance,2023-10-10
715,Daisy Jones,Freelance,2024-11-03
716,Tyler Ramos,Particular,2025-01-28
717,Mark Davis,Freelance,2023-04-20
718,Melissa Dickerson,Particular,2022-03-15
719,Rodney Ross,PyME,2021-09-26
720,Nancy Parsons,Particular,2023-09-18
721,Brian Escobar,Freelance,2022-12-15
722,Pamela Caldwell,Particular,2021-11-30
723,Darryl Steele,Particular,2022-03-22
724,Jamie Morris,Particular,2022-06-24
725,Scott Fletcher,PyME,2022-06-21
726,Adam Garcia,Particular,2021-06-20
727,Guy Williams,Particular,2022-06-29
728,Jeff Smith,Particular,2022-03-20
729,Mark Lopez,Particular,2024-10-02
730,Amy Gordon,Particular,2022-07-31
731,Nicole Haynes,Particular,2024-12-28
732,Patricia Thomas,Particular,2024-03-07
733,Brittany Mcdonald,Particular,2023-02-12
734,Alvin Weaver Jr.,Particular,2023-11-07
735,Taylor Knight,Freelance,2024-11-03
736,David Fisher,Particular,2022-03-04
737,Joseph Day,Particular,2021-08-22
738,Shannon Knight,Freelance,2023-02-26
739,Richard Hughes,Particular,2022-05-03
740,John Johnson,Freelance,2021-08-19
741,Donald Wilson,Freelance,2022-05-20
742,Matthew Clark,Freelance,2025-03-06
743,Sylvia Benson,Particular,2024-04-10
744,Susan Haley,Freelance,2023-01-18
745,Charles Hill,Freelance,2024-10-18
746,Becky Johnson,PyME,2024-05-28
747,Lisa Perez,Particular,2021-09-02
748,Lindsay Jackson,Particular,2021-05-20
749,Brandy Curry,Particular,2024-05-31
750,Stacey Garcia,Particular,2024-10-31
751,Melanie Sanford,Freelance,2024-11-02
752,Michael Ramos,Freelance,2024-11-14
753,Brian Salinas,Particular,2023-06-17
754,Jessica Johnson,Particular,2023-11-16
755,Thomas Smith,Particular,2024-11-16
756,Shelley Terrell,Freelance,2024-04-30
757,Rhonda Harris,Particular,2023-07-24
758,Seth Graves,Freelance,2021-09-16
759,Sean Phillips,Particular,2021-11-17
760,Kelsey Cruz,Particular,2023-07-01
761,Mary Perez,PyME,2021-06-20
762,Lauren Garza,Particular,2024-03-09
763,Shawn Reed,Freelance,2022-06-17
764,Robert Taylor,Freelance,2022-07-31
765,Jasmine Espinoza,Freelance,2022-06-16
766,Nathaniel Mendoza,Freelance,2021-05-04
767,Susan Anderson,Freelance,2023-04-07
768,Russell Hill,Particular,2024-03-14
769,Steven Estrada,Particular,2024-07-29
770,Cheryl Vaughn,Freelance,2021-11-16
771,Nicole Black,Freelance,2021-07-14
772,Susan Alexander,Freelance,2021-11-18
773,Kimberly Hensley,Particular,2022-01-09
774,James Newman,Particular,2023-04-18
775,Pam Jackson,Freelance,2024-01-22
776,Michael Prince,PyME,2022-10-30
777,Mr. Robert Davis,PyME,2023-10-16
778,Emily White,Freelance,2021-04-01
779,Sarah Vasquez,Particular,2023-10-21
780,Mr. Marcus Wright,Particular,2025-02-18
781,Tracy Diaz,Freelance,2021-12-30
782,Harold Williams,Freelance,2021-09-02
783,William Lopez,Particular,2024-06-21
784,Colleen Mcfarland,Freelance,2024-01-15
785,Catherine Hood,PyME,2023-02-24
786,Betty Foster,Particular,2024-11-06
787,Eric Odom,Freelance,2022-02-11
788,Matthew Chandler,Particular,2021-11-05
789,Sarah Hall,Particular,2024-08-30
790,Robert Alvarez,Particular,2023-08-14
791,Willie Johnson,Particular,2021-10-11
792,Erin Miller,Particular,2023-08-26
793,Christopher Wright,Freelance,2023-10-21
794,Robin Cruz,Particular,2021-11-12
795,Austin Mcguire,Particular,2023-06-16
796,Leslie Edwards,Freelance,2022-10-13
797,Adrian Lambert,Freelance,2024-02-28
798,Elizabeth Weber,Particular,2022-07-04
799,Jason Riddle,PyME,2025-02-22
800,Pamela Williams,Particular,2022-07-24
801,Victoria Ellis,Particular,2021-06-02
802,Laurie Palmer,Particular,2025-02-24
803,Penny Yates,Particular,2023-01-26
804,Edward Ortega,Particular,2022-07-22
805,Carl Beck II,Freelance,2023-04-18
806,Vincent Cox,PyME,2023-03-12
807,Nicholas Bennett,Freelance,2021-10-15
808,Todd Mathis,Particular,2021-07-05
809,Vincent Aguilar,Particular,2023-05-14
810,Chase Silva,Particular,2024-03-04
811,Brent House,Particular,2023-10-14
812,Alexandra Barber,Freelance,2023-08-30
813,James Walker,Particular,2023-01-06
814,Corey Jenkins,Particular,2025-01-16
815,Tara Oneill,Freelance,2023-09-18
816,Carrie Maynard,Particular,2025-01-04
817,Sandra Washington,Particular,2022-06-26
818,Mrs. Cynthia Hodges,Particular,2023-04-23
819,Jenny Terry,Particular,2022-02-15
820,Cynthia Newton,Particular,2021-09-28
821,Michelle Garza,Particular,2023-05-18
822,William Anderson,PyME,2021-10-12
823,Christian Williams,Particular,2021-06-27
824,Marie Clark,PyME,2021-06-18
825,Christopher Baker,Freelance,2025-01-17
826,Joshua Davis,Particular,2023-05-21
827,Brian Garcia,Particular,2023-05-26
828,Elizabeth Jackson,Freelance,2023-10-20
829,Kimberly Travis,Freelance,2024-03-24
830,Jerry Swanson,Particular,2024-01-02
831,Meghan Lee,Freelance,2022-10-12
832,David Davis,Particular,2022-12-05
833,Eric Rangel,PyME,2024-01-29
834,John Dyer,Particular,2021-07-28
835,Phyllis Hale,Freelance,2021-10-18
836,Christine Crawford,Freelance,2023-08-10
837,Juan Hoffman,Particular,2024-04-08
838,Michael Smith,Freelance,2024-10-04
839,Lisa Brown,Freelance,2021-11-02
840,Jessica Johnson,Freelance,2023-12-25
841,Tyrone Dudley,Freelance,2023-10-14
842,Jennifer Moore,Freelance,2024-02-17
843,Ashley Gonzalez,Freelance,2024-06-28
844,Michael Khan,Freelance,2023-03-03
845,Rachel Campbell,PyME,2022-12-09
846,Heather Campbell,Freelance,2021-05-08
847,Andrew Wilson,Particular,2022-08-24
848,Joseph Johnston,Particular,2022-03-16
849,Daniel Allen,Particular,2023-10-03
850,Rachel Garcia,Freelance,2023-01-01
851,David Zimmerman,Particular,2022-12-02
852,Aaron Johnson,Particular,2021-06-16
853,Zachary Payne,Freelance,2021-05-07
854,Heather Villanueva,Particular,2021-10-19
855,Michael Wong,Particular,2024-01-24
856,Andrew Richardson,Particular,2022-09-30
857,Lisa Carrillo,PyME,2024-05-25
858,Renee Marquez,Particular,2025-01-04
859,Dwayne Rodriguez,PyME,2024-04-26
860,Christina Pratt,Freelance,2024-04-23
861,Shannon Patel,Particular,2022-05-18
862,Lauren Villarreal,Freelance,2024-07-28
863,Dr. Roy Scott,Particular,2022-12-04
864,Dustin Moreno,Freelance,2022-04-22
865,Tonya Porter,Freelance,2024-01-20
866,Lisa Reynolds,Particular,2021-04-24
867,Regina Cooper,Particular,2024-10-11
868,Jared Hess,PyME,2021-09-10
869,Taylor Dunn,Particular,2022-01-15
870,Lauren Griffin,PyME,2022-10-22
871,Ryan Manning,Freelance,2021-06-05
872,Ryan Sanchez,Freelance,2023-08-20
873,Heather Castro,PyME,2024-03-23
874,Shane Burke,PyME,2021-08-20
875,Thomas Campos,Freelance,2022-08-26
876,Kevin Hernandez,Particular,2021-09-26
877,Lisa Guzman,Freelance,2024-05-22
878,John Jackson,Particular,2023-12-12
879,Jonathan Mcfarland,Particular,2022-09-13
880,Melanie Jimenez,Particular,2023-12-18
881,Diana Holt,Freelance,2021-07-16
882,Mary Coleman,Freelance,2021-06-18
883,Ruth Harmon,Particular,2023-09-05
884,Katherine Holmes,Freelance,2023-11-14
885,Joseph Walker,PyME,2021-07-25
886,Jeremy Castillo,Particular,2023-04-15
887,Allen Simpson DDS,Particular,2022-12-03
888,Jessica Crawford,Particular,2021-04-07
889,Jenna Powers,Freelance,2021-06-29
890,Timothy Guzman,Particular,2023-09-28
891,Jennifer Evans,PyME,2022-07-25
892,Rebecca Perkins,Particular,2023-11-12
893,Rachael Jackson,Particular,2024-09-11
894,Meghan Hughes,Freelance,2023-12-10
895,Travis Gray,PyME,2021-07-18
896,Elizabeth Kelly,Particular,2023-07-24
897,Frank Bryant,Particular,2021-09-19
898,Patricia Farrell,Particular,2024-12-08
899,Jennifer Jones,PyME,2023-09-10
900,Michael Sanders,Particular,2023-12-14
901,Brian Mcbride,Particular,2023-03-22
902,Holly Turner,Particular,2024-05-01
903,Linda Fowler,Freelance,2023-11-23
904,Anthony Acevedo,Particular,2023-12-14
905,Samuel Doyle,Particular,2022-04-16
906,Dr. Ralph Johnson MD,Freelance,2024-03-31
907,Beverly Bass,Freelance,2025-01-17
908,Molly Wade,PyME,2023-08-06
909,Adam Campbell,Particular,2024-01-07
910,Daniel Adkins,Freelance,2024-02-26
911,Jack Roberts,Particular,2024-03-10
912,Cynthia Taylor,Particular,2023-04-07
913,Christine Pham,Particular,2024-01-23
914,Matthew Anderson,Particular,2024-10-18
915,Colleen Bradshaw,Particular,2023-08-03
916,Lisa Johnson,PyME,2022-11-18
917,Ernest Curry,Particular,2021-07-25
918,Gabriel Miller,Particular,2024-02-20
919,George Hansen,Particular,2022-12-14
920,Austin Tapia,PyME,2021-09-14
921,Alexis Santana,Freelance,2022-11-27
922,Clayton Hill,Particular,2024-03-29
923,Christine Krueger,Freelance,2024-05-29
924,Valerie Ellis,Particular,2023-08-19
925,James Lee,PyME,2021-08-24
926,Timothy Cohen,Particular,2022-06-26
927,Anne Martin,Particular,2023-10-28
928,Frederick Ross,Particular,2024-09-28
929,Michael Gibson,Particular,2021-04-30
930,Jeremy Patel,Freelance,2023-05-03
931,Ana Greene,Particular,2024-10-01
932,Andrew Jones,Freelance,2024-02-12
933,Erica Anderson,Freelance,2022-03-02
934,Abigail Moss,Particular,2023-06-16
935,Nancy Johnson,Particular,2021-04-25
936,Nicolas Murphy,Freelance,2022-05-07
937,Juan Delacruz,Particular,2022-08-22
938,Erin Bolton,Particular,2024-12-31
939,Elijah Young,Particular,2021-07-23
940,Margaret Reed,Particular,2022-07-12
941,Kurt Elliott,Freelance,2023-02-13
942,Mark Freeman,Particular,2022-07-22
943,Nicole Morgan,Particular,2022-02-19
944,Ashley Pugh,Freelance,2023-05-27
945,Mark Vazquez,Particular,2024-08-04
946,Heather Turner,Particular,2024-05-24
947,Gabriel Anderson,PyME,2024-09-27
948,Steven Kelly,Particular,2023-06-19
949,Pamela Wilson,Freelance,2023-10-07
950,Tabitha Logan,Particular,2022-07-16
951,Jenny Weaver,Particular,2021-04-24
952,Taylor Harmon,Particular,2024-04-02
953,Rachel Anderson,Particular,2024-03-15
954,April Brown,Freelance,2022-03-06
955,Jose Gallagher MD,Particular,2024-01-06
956,Jerry Moore,Particular,2021-12-24
957,Janice Marshall,Freelance,2021-05-14
958,Megan Henry,Particular,2022-04-19
959,David Garcia,Particular,2024-07-29
960,Cheyenne Donovan,Particular,2023-11-28
961,Daniel Melton,Particular,2024-09-03
962,Ashley Thomas MD,Freelance,2024-01-09
963,Matthew Jones,Particular,2024-12-04
964,Kurt Davis,Freelance,2021-10-31
965,Anthony Jones,Particular,2022-04-10
966,Carrie Mcintosh,Freelance,2022-10-10
967,Christopher Palmer,Particular,2024-10-20
968,Kent Campbell,Particular,2022-07-10
969,Christy Farmer,Particular,2023-11-03
970,Tracy Moore,PyME,2023-05-03
971,Tamara Bean,Particular,2023-03-22
972,Linda Simon,Freelance,2022-08-11
973,Brian Jenkins,Freelance,2024-06-30
974,Shannon Anderson,Particular,2023-05-05
975,Robin Castro,Particular,2021-05-02
976,Cynthia Roberts,PyME,2024-11-14
977,Pamela Garcia,Particular,2023-05-27
978,John Hays,Particular,2022-11-16
979,Jennifer Curtis,Particular,2023-09-29
980,Daniel Watkins,Freelance,2022-10-23
981,Edward Rios,Particular,2022-12-03
982,Dylan Williams,PyME,2022-06-15
983,Robert Salazar,Particular,2021-11-02
984,Kristen Walker,Particular,2024-03-20
985,Nathan Hall,Freelance,2024-03-08
986,Ashley Mcdonald,Particular,2022-03-23
987,Sharon Spears,Particular,2022-09-04
988,April Johnson,Freelance,2021-06-12
989,Jennifer Smith MD,Particular,2024-04-27
990,Robin Mendoza,Particular,2024-10-25
991,Robert Duffy,PyME,2023-08-03
992,David Villegas,Particular,2023-06-08
993,Nancy Rodriguez,Particular,2023-08-10
994,Annette George,Freelance,2022-12-27
995,Matthew Oneal,Particular,2023-03-04
996,Francisco Mcdonald,Freelance,2023-01-05
997,Melinda Rocha,Freelance,2023-10-20
998,Mary Williams,Freelance,2024-03-08
999,Matthew Watson,Freelance,2022-02-23
1000,Frances Hutchinson,Freelance,2023-06-23
1001,,,
1002,,,
1003,,,
